START TRANSACTION;

INSERT INTO `permission` (`permission_id`, `role_id`, `value`)
			VALUES (1,1,1),(2,1,2),(3,1,3),(4,1,4),(5,1,5),(6,2,1),(7,2,2),(8,2,3),(9,3,4);
ALTER TABLE `permission` AUTO_INCREMENT = 10;	

INSERT INTO `role` (`role_id`,`role`)
			VALUES (1,'ROLE_ADMIN'),(2,'ROLE_USER'),(3,'ROLE_USER_M');
ALTER TABLE `role` AUTO_INCREMENT = 4;			

INSERT INTO `user`	(`user_id`,`login`,`password`,`first_name`,`last_name`,`enabled`) 
			VALUES 	(1,'admin','admin','Вася','Пупкин',''),
					(2,'user','user','Дима',	'Кен','');
ALTER TABLE `user` AUTO_INCREMENT = 3;						
					
INSERT INTO `user_role_xref` (`role_id`, `user_id`)
			VALUES (1,1),(2,2),(2,3);
					
INSERT INTO `address` 	(`address_id`,	`province`,	`region`,	`locality`,	`rural_committee`, `postcode`, `street`,		`house`,	`building`, `apartment`,	`phone`,	`work_phone`,	`mobile_phone`)
			VALUES		(1,				'Минская',	'Минский',	'Минск', 	'',					220001,		'Славинского',	2,		'1',		32,				'1234567',	'3456789',		'8765432'),
						(2,				'Минская',	'Минский',	'Минск', 	'',					220001,		'Славинского',	2,		'1',		32,				'1234567',	'3456789',		'8765432'),
						(3,				'Минская',	'Минский',	'Минск', 	'',					220001,		'Славинского',	2,		'1',		32,				'1234567',	'3456789',		'8765432'),
						(4,				'Минская',	'Минский',	'Минск', 	'',					220001,		'Славинского',	2,		'1',		32,				'1234567',	'3456789',		'8765432'),
						(5,				'Минская',	'Минский',	'Минск', 	'',					220001,		'Славинского',	2,		'1',		32,				'1234567',	'3456789',		'8765432'),
						(6,				'Минская',	'Минский',	'Минск', 	'',					220001,		'Славинского',	2,		'1',		32,				'1234567',	'3456789',		'8765432'),
						(7,				'Минская',	'Минский',	'Минск', 	'',					220001,		'Славинского',	2,		'1',		32,				'1234567',	'3456789',		'8765432'),
						(8,				'Минская',	'Минский',	'Минск', 	'',					220001,		'Славинского',	2,		'1',		32,				'1234567',	'3456789',		'8765432'),
						(9,				'Минская',	'Минский',	'Минск', 	'',					220001,		'Славинского',	2,		'1',		32,				'1234567',	'3456789',		'8765432'),
						(10,			'Минская',	'Минский',	'Минск', 	'',					220001,		'Славинского',	2,		'1',		32,				'1234567',	'3456789',		'8765432'),
						(11,			'Минская',	'Минский',	'Минск', 	'',					220001,		'Славинского',	2,		'1',		32,				'1234567',	'3456789',		'8765432'),
						(12,			'Минская',	'Минский',	'Минск', 	'',					220001,		'Славинского',	2,		'1',		32,				'1234567',	'3456789',		'8765432'),
						(13,			'Минская',	'Минский',	'Минск', 	'',					220001,		'Славинского',	2,		'1',		32,				'1234567',	'3456789',		'8765432'),
						(14,			'Минская',	'Минский',	'Минск', 	'',					220001,		'Славинского',	2,		'1',		32,				'1234567',	'3456789',		'8765432'),
						(15,			'Минская',	'Минский',	'Минск', 	'',					220001,		'Славинского',	2,		'1',		32,				'1234567',	'3456789',		'8765432'),
						(16,			'Минская',	'Минский',	'Минск', 	'',					220001,		'Славинского',	2,		'1',		32,				'1234567',	'3456789',		'8765432'),
						(17,			'Минская',	'Минский',	'Минск', 	'',					220001,		'Славинского',	2,		'1',		32,				'1234567',	'3456789',		'8765432'),
						(18,			'Минская',	'Минский',	'Минск', 	'',					220001,		'Славинского',	2,		'1',		32,				'1234567',	'3456789',		'8765432'),
						(19,			'Минская',	'Минский',	'Минск', 	'',					220001,		'Славинского',	2,		'1',		32,				'1234567',	'3456789',		'8765432'),
						(20,			'Минская',	'Минский',	'Минск', 	'',					220001,		'Славинского',	2,		'1',		32,				'1234567',	'3456789',		'8765432');
ALTER TABLE `address` AUTO_INCREMENT = 21;		
			

INSERT INTO `person_card` (`person_card_id`,	`residential_address_id`,	`first_name`,	`last_name`,	`patronymic`,	`gender`,	`birthday`,		`start_date`,	`finish_date`,	`birthplace_country`,	`birthplace_province`,	`birthplace_region`,	`birthplace_locality`,	`education`,	`academic_rank`,	`learning_form`,	`family_status`,	`position`,		`card_number`,	`tab_number`,	`status`,`trade_unionist`,	`nationality`,	`document`,	`document_series`,	`document_serial_number`,	`document_individual_number`,	`document_date_issuance`,	`document_validity_period`,`document_issued_by`,			`insurance_certificate_number`)
		VALUES 				(1,					1,							'ваня',			'пупкин',		'dfbgdf',		'MALE',		'1984-06-11',	'2014-07-27',	'2014-07-30',	'bvtg',					'dbhrtdshb',			'rthrth',				'rthrthrt',				'HIGHER',		'PhD',				'FULL_TIME',		'SINGLE',			'DEVELOPER',	'1',			'2',			'q',			0,			'BELARUS',		'PASSPORT',	'КН',				'1234567',				'12345678901234',				'2012-08-02',				'2018-08-02',				'Первомайский РУВД г. Минск',	'123456789'),
							(2,					2,							'Анна',			'кукин',		'dfbgdf',		'FEMALE',	'1988-06-03',	'2014-05-16',	'2015-01-14',	'Беларусь',					NULL,					NULL,					NULL,				'HIGHER',		'PhD',				'FULL_TIME',		'SINGLE',			'DEVELOPER',	'1',			'2',			'q',			0,			'BELARUS',		'PASSPORT',	'КН',				'1234567',				'12345678901234',				'2012-08-02',				'2018-08-02',				'Первомайский РУВД г. Минск',	'123456789'),
							(3,					3,							'Александр',	'пупкин',		'dfbgdf',		'MALE',		'1984-06-20',	'2012-08-02',	'2014-12-26',	'Беларусь',					NULL,					NULL,					NULL,				'HIGHER',		'PhD',				'FULL_TIME',		'SINGLE',			'DEVELOPER',	'1',			'2',			'q',			0,			'BELARUS',		'PASSPORT',	'КН',				'1234567',				'12345678901234',				'2012-08-02',				'2018-08-02',				'Первомайский РУВД г. Минск',	'123456789'),
							(4,					4,							'Дмитрий',		'пупкин',		'dfbgdf',		'MALE',		'1983-06-09',	'2012-08-02',	'2014-12-26',	'Беларусь',					NULL,					NULL,					NULL,				'HIGHER',		'PhD',				'FULL_TIME',		'SINGLE',			'DEVELOPER',	'1',			'2',			'q',			0,			'BELARUS',		'PASSPORT',	'КН',				'1234567',				'12345678901234',				'2012-08-02',				'2018-08-02',				'Первомайский РУВД г. Минск',	'123456789'),
							(5,					5,							'Сергей',		'пупкин',		'dfbgdf',		'MALE',		'1986-06-13',	'2012-08-02',	'2014-12-26',	'Беларусь',					NULL,					NULL,					NULL,				'HIGHER',		'PhD',				'FULL_TIME',		'SINGLE',			'DEVELOPER',	'1',			'2',			'q',			0,			'BELARUS',		'PASSPORT',	'КН',				'1234567',				'12345678901234',				'2012-08-02',				'2018-08-02',				'Первомайский РУВД г. Минск',	'123456789'),
							(6,					6,							'Олег',			'пупкин',		'dfbgdf',		'MALE',		'1984-10-23',	'2012-08-02',	'2014-12-26',	'Беларусь',					NULL,					NULL,					NULL,				'HIGHER',		'PhD',				'FULL_TIME',		'SINGLE',			'DEVELOPER',	'1',			'2',			'q',			0,			'BELARUS',		'PASSPORT',	'КН',				'1234567',				'12345678901234',				'2012-08-02',				'2018-08-02',				'Первомайский РУВД г. Минск',	'123456789'),
							(7,					7,							'Владислав',	'пупкин',		'dfbgdf',		'MALE',		'1982-05-31',	'2014-07-04',	'2014-07-09',	'Беларусь',					NULL,					NULL,					NULL,				'HIGHER',		'PhD',				'FULL_TIME',		'SINGLE',			'DEVELOPER',	'1',			'2',			'q',			0,			'BELARUS',		'PASSPORT',	'КН',				'1234567',				'12345678901234',				'2012-08-02',				'2018-08-02',				'Первомайский РУВД г. Минск',	'123456789'),
							(8,					8,							'Юрий',			'пупкин',		'dfbgdf',		'MALE',		'1984-10-14',	'2012-08-02',	'2014-12-26',	'Беларусь',					NULL,					NULL,					NULL,				'HIGHER',		'PhD',				'FULL_TIME',		'SINGLE',			'DEVELOPER',	'1',			'2',			'q',			0,			'BELARUS',		'PASSPORT',	'КН',				'1234567',				'12345678901234',				'2012-08-02',				'2018-08-02',				'Первомайский РУВД г. Минск',	'123456789'),
							(9,					9,							'Ольга',		'пупкин',		'dfbgdf',		'FEMALE',	'1984-06-20',	'2012-08-02',	'2014-12-26',	'Беларусь',					NULL,					NULL,					NULL,				'HIGHER',		'PhD',				'FULL_TIME',		'SINGLE',			'DEVELOPER',	'1',			'2',			'q',			0,			'BELARUS',		'PASSPORT',	'КН',				'1234567',				'12345678901234',				'2012-08-02',				'2018-08-02',				'Первомайский РУВД г. Минск',	'123456789'),
							(10,				10,							'Елена',		'пупкин',		'dfbgdf',		'FEMALE',	'1984-06-11',	'2012-08-02',	'2014-12-26',	'Беларусь',					NULL,					NULL,					NULL,				'HIGHER',		'PhD',				'FULL_TIME',		'SINGLE',			'DEVELOPER',	'1',			'2',			'q',			0,			'BELARUS',		'PASSPORT',	'КН',				'1234567',				'12345678901234',				'2012-08-02',				'2018-08-02',				'Первомайский РУВД г. Минск',	'123456789'),
							(11,				11,							'Екатерина',	'пупкин',		'dfbgdf',		'FEMALE',	'1987-06-13',	'2012-08-02',	'2014-12-26',	'Беларусь',					NULL,					NULL,					NULL,				'HIGHER',		'PhD',				'FULL_TIME',		'SINGLE',			'DEVELOPER',	'1',			'2',			'q',			0,			'BELARUS',		'PASSPORT',	'КН',				'1234567',				'12345678901234',				'2012-08-02',				'2018-08-02',				'Первомайский РУВД г. Минск',	'123456789'),
							(12,				12,							'Наталия',		'пупкин',		'dfbgdf',		'FEMALE',	'1984-06-20',	'2012-08-02',	'2014-12-26',	'Беларусь',					NULL,					NULL,					NULL,				'HIGHER',		'PhD',				'FULL_TIME',		'SINGLE',			'DEVELOPER',	'1',			'2',			'q',			0,			'BELARUS',		'PASSPORT',	'КН',				'1234567',				'12345678901234',				'2012-08-02',				'2018-08-02',				'Первомайский РУВД г. Минск',	'123456789'),
							(13,				13,							'Виктория',		'пупкин',		'dfbgdf',		'FEMALE',	'1984-06-20',	'2012-08-02',	'2014-12-26',	'Беларусь',					NULL,					NULL,					NULL,				'HIGHER',		'PhD',				'FULL_TIME',		'SINGLE',			'DEVELOPER',	'1',			'2',			'q',			0,			'BELARUS',		'PASSPORT',	'КН',				'1234567',				'12345678901234',				'2012-08-02',				'2018-08-02',				'Первомайский РУВД г. Минск',	'123456789'),
							(14,				14,							'Дмитрий',		'кин',			'dfbgdf',		'MALE',		'1984-06-20',	'2012-08-02',	'2014-12-26',	'Беларусь',					NULL,					NULL,					NULL,				'HIGHER',		'PhD',				'FULL_TIME',		'SINGLE',			'DEVELOPER',	'1',			'2',			'q',			0,			'BELARUS',		'PASSPORT',	'КН',				'1234567',				'12345678901234',				'2012-08-02',				'2018-08-02',				'Первомайский РУВД г. Минск',	'123456789'),
							(15,				15,							'Юлия',			'пупкин',		'dfbgdf',		'FEMALE',	'1984-06-20',	'2012-08-02',	'2014-12-26',	'Беларусь',					NULL,					NULL,					NULL,				'HIGHER',		'PhD',				'FULL_TIME',		'SINGLE',			'DEVELOPER',	'1',			'2',			'q',			0,			'BELARUS',		'PASSPORT',	'КН',				'1234567',				'12345678901234',				'2012-08-02',				'2018-08-02',				'Первомайский РУВД г. Минск',	'123456789'),
							(16,				16,							'Евгений',		'пупкин',		'dfbgdf',		'MALE',		'1984-06-20',	'2012-08-02',	'2014-12-26',	'Беларусь',					NULL,					NULL,					NULL,				'HIGHER',		'PhD',				'FULL_TIME',		'SINGLE',			'DEVELOPER',	'1',			'2',			'q',			0,			'BELARUS',		'PASSPORT',	'КН',				'1234567',				'12345678901234',				'2012-08-02',				'2018-08-02',				'Первомайский РУВД г. Минск',	'123456789'),
							(17,				17,							'Федор',		'пупкин',		'dfbgdf',		'MALE',		'1984-06-20',	'2012-08-02',	'2014-12-26',	'Беларусь',					NULL,					NULL,					NULL,				'HIGHER',		'PhD',				'FULL_TIME',		'SINGLE',			'DEVELOPER',	'1',			'2',			'q',			0,			'BELARUS',		'PASSPORT',	'КН',				'1234567',				'12345678901234',				'2012-08-02',				'2018-08-02',				'Первомайский РУВД г. Минск',	'123456789'),
							(18,				18,							'ваня',			'пупкин',		'dfbgdf',		'MALE',		'1984-06-20',	'2012-08-02',	'2014-12-26',	'Беларусь',					NULL,					NULL,					NULL,				'HIGHER',		'PhD',				'FULL_TIME',		'SINGLE',			'DEVELOPER',	'1',			'2',			'q',			0,			'BELARUS',		'PASSPORT',	'КН',				'1234567',				'12345678901234',				'2012-08-02',				'2018-08-02',				'Первомайский РУВД г. Минск',	'123456789'),
							(19,				19,							'ваня',			'пупкин',		'dfbgdf',		'MALE',		'1984-06-20',	'2012-08-02',	'2014-12-26',	'Беларусь',					NULL,					NULL,					NULL,				'HIGHER',		'PhD',				'FULL_TIME',		'SINGLE',			'DEVELOPER',	'1',			'2',			'q',			0,			'BELARUS',		'PASSPORT',	'КН',				'1234567',				'12345678901234',				'2012-08-02',				'2018-08-02',				'Первомайский РУВД г. Минск',	'123456789'),
							(20,				20,							'ваня',			'пупкин',		'dfbgdf',		'MALE',		'1984-06-20',	'2012-08-02',	'2014-12-26',	'Беларусь',					NULL,					NULL,					NULL,				'HIGHER',		'PhD',				'FULL_TIME',		'SINGLE',			'DEVELOPER',	'1',			'2',			'q',			0,			'BELARUS',		'PASSPORT',	'КН',				'1234567',				'12345678901234',				'2012-08-02',				'2018-08-02',				'Первомайский РУВД г. Минск',	'123456789');
ALTER TABLE `person_card` AUTO_INCREMENT = 21;			

INSERT INTO `orders`(`order_id`,	`number`,	`date`,			`kind`,	`reason`)
			VALUES	(1,				'1',		'2014-12-26',	'qaz', 	'edc'),
					(2,				'15',		'2014-12-26',	'qaz', 	'edc'),
					(3,				'25',		'2014-12-26',	'qaz', 	'edc'),
					(4,				'34',		'2014-12-26',	'qaz', 	'edc'),
					(5,				'56',		'2014-12-26',	'qaz', 	'edc'),
					(6,				'67',		'2014-12-26',	'qaz', 	'edc');
ALTER TABLE `orders` AUTO_INCREMENT = 7;

INSERT INTO `card_order_xref` (`person_card_id`, `order_id`)
			VALUES (1,1),(2,1),(2,2),(4,3),(6,3),(7,4),(8,4),(10,5),(9,6);

	
COMMIT;


  