CREATE  TABLE `training` (
  `training_id` INT NOT NULL AUTO_INCREMENT,
  `person_card_id` INT NOT NULL ,
  `start_date` DATE NULL ,
  `end_date` DATE NULL ,
  `institution` VARCHAR(255) NULL ,
  `studying_topic` VARCHAR(255) NULL ,
  `document_type` VARCHAR(45) NULL ,
  `document_number` VARCHAR(45) NULL ,
  `document_date` DATE NULL,

  PRIMARY KEY (`training_id`) );

CREATE  TABLE `retraining` (
  `retraining_id` INT NOT NULL AUTO_INCREMENT,
  `person_card_id` INT NOT NULL ,
  `start_date` DATE NULL ,
  `end_date` DATE NULL ,
  `institution` VARCHAR(255) NULL ,
  `studying_topic` VARCHAR(255) NULL ,
  `document_type` VARCHAR(45) NULL ,
  `document_number` VARCHAR(45) NULL ,
  `document_date` DATE NULL,

  PRIMARY KEY (`retraining_id`) );

CREATE  TABLE `document` (
  `document_id` INT NOT NULL AUTO_INCREMENT,
  `person_card_id` INT NOT NULL ,
  `paper_number` VARCHAR(45) NULL ,
  `paper_type` VARCHAR(45) NULL ,
  `paper_date` DATE NULL,
  `species` VARCHAR(45) NULL ,
  `subspecies` VARCHAR(45) NULL ,
  `reason` VARCHAR(255) NULL ,
  `category` VARCHAR(1) NULL ,

  PRIMARY KEY (`document_id`) );


insert into training (person_card_id, start_date, end_date, institution, studying_topic, document_type, document_number, document_date)
values
      (1, '2006-09-01', '2012-12-29', 'Запорожский национальный технический университет', 'Програмное обеспечение автоматизированных систем', '', '9379892', '2012-12-29'),
      (2, '2006-09-01', '2012-12-29', 'Запорожский национальный технический университет', 'Програмное обеспечение автоматизированных систем', '', '9379892', '2012-12-29'),
      (3, '2006-09-01', '2012-12-29', 'Запорожский национальный технический университет', 'Програмное обеспечение автоматизированных систем', '', '9379892', '2012-12-29'),
      (4, '2006-09-01', '2012-12-29', 'Запорожский национальный технический университет', 'Програмное обеспечение автоматизированных систем', '', '9379892', '2012-12-29'),
      (5, '2006-09-01', '2012-12-29', 'Запорожский национальный технический университет', 'Програмное обеспечение автоматизированных систем', '', '9379892', '2012-12-29'),
      (6, '2006-09-01', '2012-12-29', 'Запорожский национальный технический университет', 'Програмное обеспечение автоматизированных систем', '', '9379892', '2012-12-29'),
      (7, '2006-09-01', '2012-12-29', 'Запорожский национальный технический университет', 'Програмное обеспечение автоматизированных систем', '', '9379892', '2012-12-29'),
      (8, '2006-09-01', '2012-12-29', 'Запорожский национальный технический университет', 'Програмное обеспечение автоматизированных систем', '', '9379892', '2012-12-29'),
      (9, '2006-09-01', '2012-12-29', 'Запорожский национальный технический университет', 'Програмное обеспечение автоматизированных систем', '', '9379892', '2012-12-29'),
      (10, '2006-09-01', '2012-12-29', 'Запорожский национальный технический университет', 'Програмное обеспечение автоматизированных систем', '', '9379892', '2012-12-29'),
      (11, '2006-09-01', '2012-12-29', 'Запорожский национальный технический университет', 'Програмное обеспечение автоматизированных систем', '', '9379892', '2012-12-29');

insert into retraining (person_card_id, start_date, end_date, institution, studying_topic, document_type, document_number, document_date)
values
      (1, '2006-09-01', '2012-12-29', 'Запорожский национальный технический университет', 'Програмное обеспечение автоматизированных систем', '', '9379892', '2012-12-29'),
      (2, '2006-09-01', '2012-12-29', 'Запорожский национальный технический университет', 'Програмное обеспечение автоматизированных систем', '', '9379892', '2012-12-29'),
      (3, '2006-09-01', '2012-12-29', 'Запорожский национальный технический университет', 'Програмное обеспечение автоматизированных систем', '', '9379892', '2012-12-29'),
      (4, '2006-09-01', '2012-12-29', 'Запорожский национальный технический университет', 'Програмное обеспечение автоматизированных систем', '', '9379892', '2012-12-29'),
      (5, '2006-09-01', '2012-12-29', 'Запорожский национальный технический университет', 'Програмное обеспечение автоматизированных систем', '', '9379892', '2012-12-29'),
      (6, '2006-09-01', '2012-12-29', 'Запорожский национальный технический университет', 'Програмное обеспечение автоматизированных систем', '', '9379892', '2012-12-29'),
      (7, '2006-09-01', '2012-12-29', 'Запорожский национальный технический университет', 'Програмное обеспечение автоматизированных систем', '', '9379892', '2012-12-29'),
      (8, '2006-09-01', '2012-12-29', 'Запорожский национальный технический университет', 'Програмное обеспечение автоматизированных систем', '', '9379892', '2012-12-29'),
      (9, '2006-09-01', '2012-12-29', 'Запорожский национальный технический университет', 'Програмное обеспечение автоматизированных систем', '', '9379892', '2012-12-29'),
      (10, '2006-09-01', '2012-12-29', 'Запорожский национальный технический университет', 'Програмное обеспечение автоматизированных систем', '', '9379892', '2012-12-29'),
      (11, '2006-09-01', '2012-12-29', 'Запорожский национальный технический университет', 'Програмное обеспечение автоматизированных систем', '', '9379892', '2012-12-29');

insert into document (person_card_id, paper_number, paper_type, paper_date, species, subspecies, reason, category)
  values
        (1, '1489', 'ORDER', '2014-08-20', 'SOCIAL', 'PREGNANCY_AND_CHILDBIRTH', 'ТД №23 от 23.05.2013', 'L'),
        (1, '1560', 'ORDER', '2013-05-24', 'LABOR', 'MILITARY_TRAINING', 'Заявление, Доп.с. №2 от 20.05.2013 с ТД №12 от 15.11.14', 'K'),
        (2, '1489', 'ORDER', '2014-08-20', 'SOCIAL', 'PREGNANCY_AND_CHILDBIRTH', 'ТД №23 от 23.05.2013', 'L'),
        (2, '1560', 'ORDER', '2013-05-24', 'LABOR', 'MILITARY_TRAINING', 'Заявление, Доп.с. №2 от 20.05.2013 с ТД №12 от 15.11.14', 'K'),
        (3, '1489', 'ORDER', '2014-08-20', 'SOCIAL', 'PREGNANCY_AND_CHILDBIRTH', 'ТД №23 от 23.05.2013', 'L'),
        (3, '1560', 'ORDER', '2013-05-24', 'LABOR', 'MILITARY_TRAINING', 'Заявление, Доп.с. №2 от 20.05.2013 с ТД №12 от 15.11.14', 'K'),
        (4, '1489', 'ORDER', '2014-08-20', 'SOCIAL', 'PREGNANCY_AND_CHILDBIRTH', 'ТД №23 от 23.05.2013', 'L'),
        (4, '1560', 'ORDER', '2013-05-24', 'LABOR', 'MILITARY_TRAINING', 'Заявление, Доп.с. №2 от 20.05.2013 с ТД №12 от 15.11.14', 'K'),
        (5, '1489', 'ORDER', '2014-08-20', 'SOCIAL', 'PREGNANCY_AND_CHILDBIRTH', 'ТД №23 от 23.05.2013', 'L'),
        (5, '1560', 'ORDER', '2013-05-24', 'LABOR', 'MILITARY_TRAINING', 'Заявление, Доп.с. №2 от 20.05.2013 с ТД №12 от 15.11.14', 'K'),
        (6, '1489', 'ORDER', '2014-08-20', 'SOCIAL', 'PREGNANCY_AND_CHILDBIRTH', 'ТД №23 от 23.05.2013', 'L'),
        (6, '1560', 'ORDER', '2013-05-24', 'LABOR', 'MILITARY_TRAINING', 'Заявление, Доп.с. №2 от 20.05.2013 с ТД №12 от 15.11.14', 'K'),
        (7, '1489', 'ORDER', '2014-08-20', 'SOCIAL', 'PREGNANCY_AND_CHILDBIRTH', 'ТД №23 от 23.05.2013', 'L'),
        (7, '1560', 'ORDER', '2013-05-24', 'LABOR', 'MILITARY_TRAINING', 'Заявление, Доп.с. №2 от 20.05.2013 с ТД №12 от 15.11.14', 'K'),
        (8, '1489', 'ORDER', '2014-08-20', 'SOCIAL', 'PREGNANCY_AND_CHILDBIRTH', 'ТД №23 от 23.05.2013', 'L'),
        (8, '1560', 'ORDER', '2013-05-24', 'LABOR', 'MILITARY_TRAINING', 'Заявление, Доп.с. №2 от 20.05.2013 с ТД №12 от 15.11.14', 'K'),
        (9, '1489', 'ORDER', '2014-08-20', 'SOCIAL', 'PREGNANCY_AND_CHILDBIRTH', 'ТД №23 от 23.05.2013', 'L'),
        (9, '1560', 'ORDER', '2013-05-24', 'LABOR', 'MILITARY_TRAINING', 'Заявление, Доп.с. №2 от 20.05.2013 с ТД №12 от 15.11.14', 'K'),
        (10, '1489', 'ORDER', '2014-08-20', 'SOCIAL', 'PREGNANCY_AND_CHILDBIRTH', 'ТД №23 от 23.05.2013', 'L'),
        (10, '1560', 'ORDER', '2013-05-24', 'LABOR', 'MILITARY_TRAINING', 'Заявление, Доп.с. №2 от 20.05.2013 с ТД №12 от 15.11.14', 'K');


insert into family_member (person_card_id, `name`, birthday, kinship)
values
      (1, 'Ololoev Dzhigurda Alimirdanovich', '1968-10-10', 'BROTHER'),
      (2, 'Ololoev Dzhigurda Alimirdanovich', '1968-10-10', 'BROTHER'),
      (3, 'Ololoev Dzhigurda Alimirdanovich', '1968-10-10', 'BROTHER'),
      (4, 'Ololoev Dzhigurda Alimirdanovich', '1968-10-10', 'BROTHER'),
      (5, 'Ololoev Dzhigurda Alimirdanovich', '1968-10-10', 'BROTHER'),
      (6, 'Ololoev Dzhigurda Alimirdanovich', '1968-10-10', 'BROTHER'),
      (7, 'Ololoev Dzhigurda Alimirdanovich', '1968-10-10', 'BROTHER'),
      (8, 'Ololoev Dzhigurda Alimirdanovich', '1968-10-10', 'BROTHER'),
      (9, 'Ololoev Dzhigurda Alimirdanovich', '1968-10-10', 'BROTHER'),
      (10, 'Ololoev Dzhigurda Alimirdanovich', '1968-10-10', 'BROTHER'),
      (11, 'Ololoev Dzhigurda Alimirdanovich', '1968-10-10', 'BROTHER'),
      (12, 'Ololoev Dzhigurda Alimirdanovich', '1968-10-10', 'BROTHER'),
      (13, 'Ololoev Dzhigurda Alimirdanovich', '1968-10-10', 'BROTHER');
